segment_id,start_time,end_time,duration_minutes,row_count,label,fault_evidence
1,2009-07-03 03:21:10+00:00,2009-07-03 04:08:50+00:00,39.5,237,Normal,None
2,2009-07-03 04:28:30+00:00,2009-07-03 05:09:00+00:00,40.66666666666666,244,Normal,None
3,2009-07-03 05:54:20+00:00,2009-07-03 06:06:20+00:00,12.166666666666666,73,Normal,None
4,2009-07-03 07:49:10+00:00,2009-07-03 08:40:40+00:00,49.333333333333336,296,Normal,None
5,2009-07-03 09:01:20+00:00,2009-07-03 09:27:30+00:00,26.33333333333333,158,Normal,None
6,2009-07-03 10:05:50+00:00,2009-07-03 11:08:50+00:00,59.5,357,Normal,None
7,2009-07-03 11:29:40+00:00,2009-07-03 12:34:40+00:00,53.66666666666666,322,Normal,None
8,2009-07-03 13:07:30+00:00,2009-07-03 13:57:10+00:00,44.5,267,Normal,None
9,2009-07-03 14:12:40+00:00,2009-07-03 15:19:50+00:00,51.66666666666666,310,Normal,None
10,2009-07-03 17:56:40+00:00,2009-07-03 19:05:20+00:00,64.5,387,Normal,None
11,2009-07-03 19:34:10+00:00,2009-07-03 20:43:50+00:00,66.33333333333333,398,Normal,None
12,2009-07-03 21:08:20+00:00,2009-07-03 22:20:10+00:00,59.5,357,Normal,None
13,2009-07-03 22:40:30+00:00,2009-07-03 22:50:10+00:00,7.333333333333333,44,Normal,None
14,2009-07-03 23:15:50+00:00,2009-07-04 00:02:10+00:00,42.0,252,Normal,None
16,2009-07-04 00:32:10+00:00,2009-07-04 01:55:40+00:00,78.16666666666667,469,Loss (井漏),Observed total loss of returns at shakers. SPP dropped suddenly. Pumping LCM pills.
17,2009-07-04 02:20:50+00:00,2009-07-04 03:43:20+00:00,68.33333333333333,410,Normal,None
18,2009-07-04 04:27:50+00:00,2009-07-04 05:20:30+00:00,48.833333333333336,293,Normal,None
19,2009-07-04 05:43:30+00:00,2009-07-04 07:30:50+00:00,81.16666666666667,487,Normal,None
20,2009-07-07 12:08:30+00:00,2009-07-07 12:24:20+00:00,16.0,96,Normal,None
21,2009-07-07 12:39:10+00:00,2009-07-07 14:34:00+00:00,107.83333333333331,647,Stuck Pipe (卡钻),High erratic torque. Overpull on connection. Pipe stuck at 3450m. Attempting to jar down.
22,2009-07-07 14:59:20+00:00,2009-07-07 15:41:20+00:00,42.16666666666666,253,Normal,None
23,2009-07-07 16:20:10+00:00,2009-07-07 17:07:00+00:00,42.66666666666666,256,Normal,None
25,2009-07-07 20:43:20+00:00,2009-07-07 21:32:10+00:00,49.0,294,Normal,None
26,2009-07-07 21:49:30+00:00,2009-07-07 22:40:40+00:00,51.333333333333336,308,Normal,None
27,2009-07-07 22:56:30+00:00,2009-07-07 23:41:40+00:00,45.333333333333336,272,Normal,None
28,2009-07-07 23:58:30+00:00,2009-07-08 00:53:10+00:00,54.833333333333336,329,Normal,None
29,2009-07-08 01:09:10+00:00,2009-07-08 02:08:40+00:00,59.66666666666666,358,Normal,None
30,2009-07-08 02:33:20+00:00,2009-07-08 02:38:40+00:00,5.5,33,Normal,None
