segment_id,start_time,end_time,duration_minutes,row_count
1,2009-07-03 03:21:10+00:00,2009-07-03 04:08:50+00:00,39.5,237
2,2009-07-03 04:28:30+00:00,2009-07-03 05:09:00+00:00,40.666666666666664,244
3,2009-07-03 05:54:20+00:00,2009-07-03 06:06:20+00:00,12.166666666666666,73
4,2009-07-03 07:49:10+00:00,2009-07-03 08:40:40+00:00,49.333333333333336,296
5,2009-07-03 09:01:20+00:00,2009-07-03 09:27:30+00:00,26.333333333333332,158
6,2009-07-03 10:05:50+00:00,2009-07-03 11:08:50+00:00,59.5,357
7,2009-07-03 11:29:40+00:00,2009-07-03 12:34:40+00:00,53.666666666666664,322
8,2009-07-03 13:07:30+00:00,2009-07-03 13:57:10+00:00,44.5,267
9,2009-07-03 14:12:40+00:00,2009-07-03 15:19:50+00:00,51.666666666666664,310
10,2009-07-03 17:56:40+00:00,2009-07-03 19:05:20+00:00,64.5,387
11,2009-07-03 19:34:10+00:00,2009-07-03 20:43:50+00:00,66.33333333333333,398
12,2009-07-03 21:08:20+00:00,2009-07-03 22:20:10+00:00,59.5,357
13,2009-07-03 22:40:30+00:00,2009-07-03 22:50:10+00:00,7.333333333333333,44
14,2009-07-03 23:15:50+00:00,2009-07-04 00:02:10+00:00,42.0,252
16,2009-07-04 00:32:10+00:00,2009-07-04 01:55:40+00:00,78.16666666666667,469
17,2009-07-04 02:20:50+00:00,2009-07-04 03:43:20+00:00,68.33333333333333,410
18,2009-07-04 04:27:50+00:00,2009-07-04 05:20:30+00:00,48.833333333333336,293
19,2009-07-04 05:43:30+00:00,2009-07-04 07:30:50+00:00,81.16666666666667,487
20,2009-07-07 12:08:30+00:00,2009-07-07 12:24:20+00:00,16.0,96
21,2009-07-07 12:39:10+00:00,2009-07-07 14:34:00+00:00,107.83333333333333,647
22,2009-07-07 14:59:20+00:00,2009-07-07 15:41:20+00:00,42.166666666666664,253
23,2009-07-07 16:20:10+00:00,2009-07-07 17:07:00+00:00,42.666666666666664,256
25,2009-07-07 20:43:20+00:00,2009-07-07 21:32:10+00:00,49.0,294
26,2009-07-07 21:49:30+00:00,2009-07-07 22:40:40+00:00,51.333333333333336,308
27,2009-07-07 22:56:30+00:00,2009-07-07 23:41:40+00:00,45.333333333333336,272
28,2009-07-07 23:58:30+00:00,2009-07-08 00:53:10+00:00,54.833333333333336,329
29,2009-07-08 01:09:10+00:00,2009-07-08 02:08:40+00:00,59.666666666666664,358
30,2009-07-08 02:33:20+00:00,2009-07-08 02:38:40+00:00,5.5,33
